<?xml version="1.0" encoding="UTF-8"?>
<!DOCTYPE mapper
  PUBLIC "-//mybatis.org//DTD Mapper 3.0//EN"
  "http://mybatis.org/dtd/mybatis-3-mapper.dtd">

<mapper namespace="com.petworld.mapper.PayMapper">

	<select id="deliveryList" resultType="PayVO">
		select * from Delivery_addr order by onum desc
	</select>
	
	<insert id="regist">
		insert into Delivery_addr(onum, oPLACE, oNAME, oPHONE, opost, oADDRESS, oADDRESS1, oDEFAULT, userid)
		values(Delivery_addr_seq.nextval, #{oplace}, #{oname}, #{ophone}, #{opost}, #{oaddress}, #{oaddress1}, #{odefault}, #{userid})
	</insert>

	<select id="paymentInfo" resultType="ProductVO">
		select * from Product
	</select>
	
	<select id="delidetail" resultType="PayVO">
		select * from Delivery_addr where onum = #{onum}	
	</select>
	
	<update id="addrUpdate">
		update Delivery_addr set oPLACE=#{oplace}, oNAME=#{oname}, oPHONE=#{ophone}, opost=#{opost}
								, oADDRESS=#{oaddress}, oADDRESS1=#{oaddress1}, oDEFAULT=#{odefault}
		where onum = #{onum}
	</update>
	
	<delete id="addDelete">
		delete from Delivery_addr where onum = #{onum}
	</delete>
	
	<!-- 결제 쿼리 -->
	<insert id="registPM">
		insert into Payment(poId, cno, oNum, poAmount, poDATE, payType)
		values(#{poId}, #{cno}, #{oNum}, #{poAmount}, sysdate, #{payType})
	</insert>
</mapper>