<?xml version="1.0" encoding="UTF-8"?>
<!DOCTYPE mapper
  PUBLIC "-//mybatis.org//DTD Mapper 3.0//EN"
  "http://mybatis.org/dtd/mybatis-3-mapper.dtd">
  
<mapper namespace="com.petworld.mapper.NoticeMapper">
	<insert id="regist">
		insert into BOARDEX(bno,title,writer,content) values(BOARDEX_SEQ.NEXTVAL,#{title},#{writer},#{content})     
	</insert>	
	
	<select id="getList" resultType="NoticeVO">
		select * from BOARDEX
	</select>
	
	<select id="getContent" resultType="NoticeVO">
		select * from BOARDEX where bno = #{bno}
	</select>
	
	<update id="Update">
		update BOARDEX set title=#{title}, content=#{content}, regdate=sysdate where bno=#{bno}
	</update>

	<delete id="noticeDelete">
		delete from BOARDEX where bno=#{bno}
	</delete>

</mapper>