<?xml version="1.0" encoding="UTF-8"?>
<beans:beans xmlns="http://www.springframework.org/schema/mvc"
	xmlns:xsi="http://www.w3.org/2001/XMLSchema-instance"
	xmlns:beans="http://www.springframework.org/schema/beans"
	xmlns:context="http://www.springframework.org/schema/context"
	xsi:schemaLocation="http://www.springframework.org/schema/mvc https://www.springframework.org/schema/mvc/spring-mvc.xsd
		http://www.springframework.org/schema/beans https://www.springframework.org/schema/beans/spring-beans.xsd
		http://www.springframework.org/schema/context https://www.springframework.org/schema/context/spring-context.xsd">

	<!-- 핸들러 맵핑, 핸들러 어댑터, 어노테이션 사용할수 있도록하는 설정 -->
	<annotation-driven />

	<!-- 정적자원 맵핑 js, css파일은 컨트롤러를 타지 않고 실행 -->
	<resources mapping="/resources/**" location="/resources/" />
	
	<!-- 뷰리졸버 -->
	<beans:bean class="org.springframework.web.servlet.view.InternalResourceViewResolver">
		<beans:property name="prefix" value="/WEB-INF/views/" />
		<beans:property name="suffix" value=".jsp" />
	</beans:bean>
	
	<!-- 해당패키지를 읽어서 @Controller 빈으로 생성 -->
	<context:component-scan base-package="com.petworld.*" />
	
	<!-- ScoreServiceImpl 빈생성(두번째방법) -->
<!-- 	<beans:bean id="scoreService" class="com.simple.service.ScoreServiceImpl" /> -->
	
	
</beans:beans>
